<?xml version="1.0" encoding="utf-8"?>
<!--/673353/1216038/2.50/52/4/Connector/-->
<quadcept_library>
  <setting unit="mil" />
  <textstyle name="Default" height="47.244094488189" strokewidth="7.8740157480315" charwidth="47.244094488189" />
  <textstyle name="Dimension" height="19.6850393700787" strokewidth="0" charwidth="19.6850393700787" />
  <textstyle name="H127W0635TH00762" height="50" strokewidth="3" charwidth="25" />
  <textstyle name="H15W15TH02" height="59.0551181102362" strokewidth="7.8740157480315" charwidth="59.0551181102362" />
  <padstyle name="c150_h100" surface="False" plated="True" isvia="False" nopaste="True" nomask="True" complex="False" holesize="39.370078740157">
    <padshape layer="TOP" shape="round" width="59.055118110235" height="59.055118110235" />
    <padshape layer="TOP_SOLDER_MASK" shape="round" width="66.929133858267" height="66.929133858267" />
    <padshape layer="INNER" shape="round" width="59.055118110235" height="59.055118110235" />
    <padshape layer="BOTTOM" shape="round" width="59.055118110235" height="59.055118110235" />
    <padshape layer="BOTTOM_SOLDER_MASK" shape="round" width="66.929133858267" height="66.929133858267" />
  </padstyle>
  <padstyle name="c457.5_h305" surface="False" plated="True" isvia="False" nopaste="True" nomask="True" complex="False" holesize="120.07874015748">
    <padshape layer="TOP" shape="round" width="180.11811023622" height="180.11811023622" />
    <padshape layer="TOP_SOLDER_MASK" shape="round" width="187.99212598425" height="187.99212598425" />
    <padshape layer="INNER" shape="round" width="180.11811023622" height="180.11811023622" />
    <padshape layer="BOTTOM" shape="round" width="180.11811023622" height="180.11811023622" />
    <padshape layer="BOTTOM_SOLDER_MASK" shape="round" width="187.99212598425" height="187.99212598425" />
  </padstyle>
  <footprint name="111050113L001" originx="0" originy="0" pickpointx="0" pickpointy="0">
    <pcbpin number="1" name="1" style="c150_h100" originx="0" originy="0" rotation="90" />
    <pcbpin number="2" name="2" style="c150_h100" originx="85.039370078739" originy="0" rotation="90" />
    <pcbpin number="3" name="3" style="c150_h100" originx="170.07874015748" originy="0" rotation="90" />
    <pcbpin number="4" name="4" style="c150_h100" originx="255.11811023622" originy="0" rotation="90" />
    <pcbpin number="5" name="5" style="c150_h100" originx="340.15748031496" originy="0" rotation="90" />
    <pcbpin number="6" name="6" style="c150_h100" originx="425.1968503937" originy="0" rotation="90" />
    <pcbpin number="7" name="7" style="c150_h100" originx="510.23622047243" originy="0" rotation="90" />
    <pcbpin number="8" name="8" style="c150_h100" originx="595.27559055117" originy="0" rotation="90" />
    <pcbpin number="9" name="9" style="c150_h100" originx="680.31496062991" originy="0" rotation="90" />
    <pcbpin number="10" name="10" style="c150_h100" originx="765.35433070865" originy="0" rotation="90" />
    <pcbpin number="11" name="11" style="c150_h100" originx="850.39370078739" originy="0" rotation="90" />
    <pcbpin number="12" name="12" style="c150_h100" originx="935.43307086613" originy="0" rotation="90" />
    <pcbpin number="13" name="13" style="c150_h100" originx="1020.4724409449" originy="0" rotation="90" />
    <pcbpin number="14" name="14" style="c150_h100" originx="1105.5118110236" originy="0" rotation="90" />
    <pcbpin number="15" name="15" style="c150_h100" originx="1190.5511811023" originy="0" rotation="90" />
    <pcbpin number="16" name="16" style="c150_h100" originx="1275.5905511811" originy="0" rotation="90" />
    <pcbpin number="17" name="17" style="c150_h100" originx="1360.6299212598" originy="0" rotation="90" />
    <pcbpin number="18" name="18" style="c150_h100" originx="1445.6692913386" originy="0" rotation="90" />
    <pcbpin number="19" name="19" style="c150_h100" originx="1530.7086614173" originy="0" rotation="90" />
    <pcbpin number="20" name="20" style="c150_h100" originx="1615.748031496" originy="0" rotation="90" />
    <pcbpin number="21" name="21" style="c150_h100" originx="1700.7874015748" originy="0" rotation="90" />
    <pcbpin number="22" name="22" style="c150_h100" originx="1785.8267716535" originy="0" rotation="90" />
    <pcbpin number="23" name="23" style="c150_h100" originx="1870.8661417323" originy="0" rotation="90" />
    <pcbpin number="24" name="24" style="c150_h100" originx="1955.905511811" originy="0" rotation="90" />
    <pcbpin number="25" name="25" style="c150_h100" originx="2040.9448818897" originy="0" rotation="90" />
    <pcbpin number="26" name="26" style="c150_h100" originx="0" originy="-168.89763779527" rotation="90" />
    <pcbpin number="27" name="27" style="c150_h100" originx="85.039370078739" originy="-168.89763779527" rotation="90" />
    <pcbpin number="28" name="28" style="c150_h100" originx="170.07874015748" originy="-168.89763779527" rotation="90" />
    <pcbpin number="29" name="29" style="c150_h100" originx="255.11811023622" originy="-168.89763779527" rotation="90" />
    <pcbpin number="30" name="30" style="c150_h100" originx="340.15748031496" originy="-168.89763779527" rotation="90" />
    <pcbpin number="31" name="31" style="c150_h100" originx="425.1968503937" originy="-168.89763779527" rotation="90" />
    <pcbpin number="32" name="32" style="c150_h100" originx="510.23622047243" originy="-168.89763779527" rotation="90" />
    <pcbpin number="33" name="33" style="c150_h100" originx="595.27559055117" originy="-168.89763779527" rotation="90" />
    <pcbpin number="34" name="34" style="c150_h100" originx="680.31496062991" originy="-168.89763779527" rotation="90" />
    <pcbpin number="35" name="35" style="c150_h100" originx="765.35433070865" originy="-168.89763779527" rotation="90" />
    <pcbpin number="36" name="36" style="c150_h100" originx="850.39370078739" originy="-168.89763779527" rotation="90" />
    <pcbpin number="37" name="37" style="c150_h100" originx="935.43307086613" originy="-168.89763779527" rotation="90" />
    <pcbpin number="38" name="38" style="c150_h100" originx="1020.4724409449" originy="-168.89763779527" rotation="90" />
    <pcbpin number="39" name="39" style="c150_h100" originx="1105.5118110236" originy="-168.89763779527" rotation="90" />
    <pcbpin number="40" name="40" style="c150_h100" originx="1190.5511811023" originy="-168.89763779527" rotation="90" />
    <pcbpin number="41" name="41" style="c150_h100" originx="1275.5905511811" originy="-168.89763779527" rotation="90" />
    <pcbpin number="42" name="42" style="c150_h100" originx="1360.6299212598" originy="-168.89763779527" rotation="90" />
    <pcbpin number="43" name="43" style="c150_h100" originx="1445.6692913386" originy="-168.89763779527" rotation="90" />
    <pcbpin number="44" name="44" style="c150_h100" originx="1530.7086614173" originy="-168.89763779527" rotation="90" />
    <pcbpin number="45" name="45" style="c150_h100" originx="1615.748031496" originy="-168.89763779527" rotation="90" />
    <pcbpin number="46" name="46" style="c150_h100" originx="1700.7874015748" originy="-168.89763779527" rotation="90" />
    <pcbpin number="47" name="47" style="c150_h100" originx="1785.8267716535" originy="-168.89763779527" rotation="90" />
    <pcbpin number="48" name="48" style="c150_h100" originx="1870.8661417323" originy="-168.89763779527" rotation="90" />
    <pcbpin number="49" name="49" style="c150_h100" originx="1955.905511811" originy="-168.89763779527" rotation="90" />
    <pcbpin number="50" name="50" style="c150_h100" originx="2040.9448818897" originy="-168.89763779527" rotation="90" />
    <pcbpin number="51" name="MH1" style="c457.5_h305" originx="-452.95275590551" originy="-84.448818897637" rotation="90" />
    <pcbpin number="52" name="MH2" style="c457.5_h305" originx="2493.8976377952" originy="-84.448818897637" rotation="90" />
    <line layer="TOP_PLACE_BOUND" originx="-654.72440944881" originy="287.40157480315" endx="2695.6692913385" endy="287.40157480315" width="3.9370078740157" />
    <line layer="TOP_PLACE_BOUND" originx="2695.6692913385" originy="287.40157480315" endx="2695.6692913385" endy="-424.99999999999" width="3.9370078740157" />
    <line layer="TOP_PLACE_BOUND" originx="2695.6692913385" originy="-424.99999999999" endx="-654.72440944881" endy="-424.99999999999" width="3.9370078740157" />
    <line layer="TOP_PLACE_BOUND" originx="-654.72440944881" originy="-424.99999999999" endx="-654.72440944881" endy="287.40157480315" width="3.9370078740157" />
    <line layer="TOP_ASSEMBLY" originx="-357.48031496063" originy="216.73228346456" endx="-615.35433070865" endy="-25.393700787401" width="7.8740157480314" />
    <line layer="TOP_ASSEMBLY" originx="-615.35433070865" originy="-25.393700787401" endx="-615.35433070865" endy="-143.50393700787" width="7.8740157480314" />
    <line layer="TOP_ASSEMBLY" originx="-615.35433070865" originy="-143.50393700787" endx="-357.48031496063" endy="-385.62992125984" width="7.8740157480314" />
    <line layer="TOP_ASSEMBLY" originx="-357.48031496063" originy="-385.62992125984" endx="2398.4251968504" endy="-385.62992125984" width="7.8740157480314" />
    <line layer="TOP_ASSEMBLY" originx="2398.4251968504" originy="-385.62992125984" endx="2656.2992125984" endy="-143.50393700787" width="7.8740157480314" />
    <line layer="TOP_ASSEMBLY" originx="2656.2992125984" originy="-143.50393700787" endx="2656.2992125984" endy="-25.393700787401" width="7.8740157480314" />
    <line layer="TOP_ASSEMBLY" originx="2656.2992125984" originy="-25.393700787401" endx="2398.4251968504" endy="216.73228346456" width="7.8740157480314" />
    <line layer="TOP_ASSEMBLY" originx="2398.4251968504" originy="216.73228346456" endx="-357.48031496063" endy="216.73228346456" width="7.8740157480314" />
    <line layer="TOP_SILKSCREEN" originx="-357.48031496063" originy="216.73228346456" endx="-615.35433070865" endy="-25.393700787401" width="3.9370078740157" />
    <line layer="TOP_SILKSCREEN" originx="-615.35433070865" originy="-25.393700787401" endx="-615.35433070865" endy="-143.50393700787" width="3.9370078740157" />
    <line layer="TOP_SILKSCREEN" originx="-615.35433070865" originy="-143.50393700787" endx="-357.48031496063" endy="-385.62992125984" width="3.9370078740157" />
    <line layer="TOP_SILKSCREEN" originx="-357.48031496063" originy="-385.62992125984" endx="2398.4251968504" endy="-385.62992125984" width="3.9370078740157" />
    <line layer="TOP_SILKSCREEN" originx="2398.4251968504" originy="-385.62992125984" endx="2656.2992125984" endy="-143.50393700787" width="3.9370078740157" />
    <line layer="TOP_SILKSCREEN" originx="2656.2992125984" originy="-143.50393700787" endx="2656.2992125984" endy="-25.393700787401" width="3.9370078740157" />
    <line layer="TOP_SILKSCREEN" originx="2656.2992125984" originy="-25.393700787401" endx="2398.4251968504" endy="216.73228346456" width="3.9370078740157" />
    <line layer="TOP_SILKSCREEN" originx="2398.4251968504" originy="216.73228346456" endx="-357.48031496063" endy="216.73228346456" width="3.9370078740157" />
    <line layer="TOP_SILKSCREEN" originx="-3.9370078740157" originy="244.09448818897" endx="-3.9370078740157" endy="244.09448818897" width="7.8740157480314" />
    <arc layer="TOP_SILKSCREEN" originx="3.2782175923971E-15" originy="244.09448818897" startangle="180.0" sweepangle="-180.0" radius="3.9370078740157" width="7.8740157480314" />
    <line layer="TOP_SILKSCREEN" originx="3.9370078740157" originy="244.09448818897" endx="3.9370078740157" endy="244.09448818897" width="7.8740157480314" />
    <arc layer="TOP_SILKSCREEN" originx="3.2782175923971E-15" originy="244.09448818897" startangle=".0" sweepangle="-180.0" radius="3.9370078740157" width="7.8740157480314" />
  </footprint>
  <symbol name="111-050-113L001" originx="0" originy="0">
    <line originx="200" originy="300" endx="2800" endy="300" width="0" />
    <line originx="2800" originy="-300" endx="2800" endy="300" width="0" />
    <line originx="2800" originy="-300" endx="200" endy="-300" width="0" />
    <line originx="200" originy="300" endx="200" endy="-300" width="0" />
    <sympin number="1" originx="300" originy="300" rotation="90" length="100" width="7.8740157480315" flipped="False">
      <text name="pinname" originx="300" originy="270" style="Default" rotation="0" justify="right" flipped="False" hidden="False" data="1" />
      <text name="pindes" originx="280" originy="360" style="Default" rotation="0" justify="lowerleft" flipped="False" hidden="False" data="1" />
    </sympin>
    <sympin number="2" originx="400" originy="300" rotation="90" length="100" width="7.8740157480315" flipped="False">
      <text name="pinname" originx="400" originy="270" style="Default" rotation="0" justify="right" flipped="False" hidden="False" data="2" />
      <text name="pindes" originx="380" originy="360" style="Default" rotation="0" justify="lowerleft" flipped="False" hidden="False" data="2" />
    </sympin>
    <sympin number="3" originx="500" originy="300" rotation="90" length="100" width="7.8740157480315" flipped="False">
      <text name="pinname" originx="500" originy="270" style="Default" rotation="0" justify="right" flipped="False" hidden="False" data="3" />
      <text name="pindes" originx="480" originy="360" style="Default" rotation="0" justify="lowerleft" flipped="False" hidden="False" data="3" />
    </sympin>
    <sympin number="4" originx="600" originy="300" rotation="90" length="100" width="7.8740157480315" flipped="False">
      <text name="pinname" originx="600" originy="270" style="Default" rotation="0" justify="right" flipped="False" hidden="False" data="4" />
      <text name="pindes" originx="580" originy="360" style="Default" rotation="0" justify="lowerleft" flipped="False" hidden="False" data="4" />
    </sympin>
    <sympin number="5" originx="700" originy="300" rotation="90" length="100" width="7.8740157480315" flipped="False">
      <text name="pinname" originx="700" originy="270" style="Default" rotation="0" justify="right" flipped="False" hidden="False" data="5" />
      <text name="pindes" originx="680" originy="360" style="Default" rotation="0" justify="lowerleft" flipped="False" hidden="False" data="5" />
    </sympin>
    <sympin number="6" originx="800" originy="300" rotation="90" length="100" width="7.8740157480315" flipped="False">
      <text name="pinname" originx="800" originy="270" style="Default" rotation="0" justify="right" flipped="False" hidden="False" data="6" />
      <text name="pindes" originx="780" originy="360" style="Default" rotation="0" justify="lowerleft" flipped="False" hidden="False" data="6" />
    </sympin>
    <sympin number="7" originx="900" originy="300" rotation="90" length="100" width="7.8740157480315" flipped="False">
      <text name="pinname" originx="900" originy="270" style="Default" rotation="0" justify="right" flipped="False" hidden="False" data="7" />
      <text name="pindes" originx="880" originy="360" style="Default" rotation="0" justify="lowerleft" flipped="False" hidden="False" data="7" />
    </sympin>
    <sympin number="8" originx="1000" originy="300" rotation="90" length="100" width="7.8740157480315" flipped="False">
      <text name="pinname" originx="1000" originy="270" style="Default" rotation="0" justify="right" flipped="False" hidden="False" data="8" />
      <text name="pindes" originx="980" originy="360" style="Default" rotation="0" justify="lowerleft" flipped="False" hidden="False" data="8" />
    </sympin>
    <sympin number="9" originx="1100" originy="300" rotation="90" length="100" width="7.8740157480315" flipped="False">
      <text name="pinname" originx="1100" originy="270" style="Default" rotation="0" justify="right" flipped="False" hidden="False" data="9" />
      <text name="pindes" originx="1080" originy="360" style="Default" rotation="0" justify="lowerleft" flipped="False" hidden="False" data="9" />
    </sympin>
    <sympin number="10" originx="1200" originy="300" rotation="90" length="100" width="7.8740157480315" flipped="False">
      <text name="pinname" originx="1200" originy="270" style="Default" rotation="0" justify="right" flipped="False" hidden="False" data="10" />
      <text name="pindes" originx="1180" originy="360" style="Default" rotation="0" justify="lowerleft" flipped="False" hidden="False" data="10" />
    </sympin>
    <sympin number="11" originx="1300" originy="300" rotation="90" length="100" width="7.8740157480315" flipped="False">
      <text name="pinname" originx="1300" originy="270" style="Default" rotation="0" justify="right" flipped="False" hidden="False" data="11" />
      <text name="pindes" originx="1280" originy="360" style="Default" rotation="0" justify="lowerleft" flipped="False" hidden="False" data="11" />
    </sympin>
    <sympin number="12" originx="1400" originy="300" rotation="90" length="100" width="7.8740157480315" flipped="False">
      <text name="pinname" originx="1400" originy="270" style="Default" rotation="0" justify="right" flipped="False" hidden="False" data="12" />
      <text name="pindes" originx="1380" originy="360" style="Default" rotation="0" justify="lowerleft" flipped="False" hidden="False" data="12" />
    </sympin>
    <sympin number="13" originx="1500" originy="300" rotation="90" length="100" width="7.8740157480315" flipped="False">
      <text name="pinname" originx="1500" originy="270" style="Default" rotation="0" justify="right" flipped="False" hidden="False" data="13" />
      <text name="pindes" originx="1480" originy="360" style="Default" rotation="0" justify="lowerleft" flipped="False" hidden="False" data="13" />
    </sympin>
    <sympin number="14" originx="1600" originy="300" rotation="90" length="100" width="7.8740157480315" flipped="False">
      <text name="pinname" originx="1600" originy="270" style="Default" rotation="0" justify="right" flipped="False" hidden="False" data="14" />
      <text name="pindes" originx="1580" originy="360" style="Default" rotation="0" justify="lowerleft" flipped="False" hidden="False" data="14" />
    </sympin>
    <sympin number="15" originx="1700" originy="300" rotation="90" length="100" width="7.8740157480315" flipped="False">
      <text name="pinname" originx="1700" originy="270" style="Default" rotation="0" justify="right" flipped="False" hidden="False" data="15" />
      <text name="pindes" originx="1680" originy="360" style="Default" rotation="0" justify="lowerleft" flipped="False" hidden="False" data="15" />
    </sympin>
    <sympin number="16" originx="1800" originy="300" rotation="90" length="100" width="7.8740157480315" flipped="False">
      <text name="pinname" originx="1800" originy="270" style="Default" rotation="0" justify="right" flipped="False" hidden="False" data="16" />
      <text name="pindes" originx="1780" originy="360" style="Default" rotation="0" justify="lowerleft" flipped="False" hidden="False" data="16" />
    </sympin>
    <sympin number="17" originx="1900" originy="300" rotation="90" length="100" width="7.8740157480315" flipped="False">
      <text name="pinname" originx="1900" originy="270" style="Default" rotation="0" justify="right" flipped="False" hidden="False" data="17" />
      <text name="pindes" originx="1880" originy="360" style="Default" rotation="0" justify="lowerleft" flipped="False" hidden="False" data="17" />
    </sympin>
    <sympin number="18" originx="2000" originy="300" rotation="90" length="100" width="7.8740157480315" flipped="False">
      <text name="pinname" originx="2000" originy="270" style="Default" rotation="0" justify="right" flipped="False" hidden="False" data="18" />
      <text name="pindes" originx="1980" originy="360" style="Default" rotation="0" justify="lowerleft" flipped="False" hidden="False" data="18" />
    </sympin>
    <sympin number="19" originx="2100" originy="300" rotation="90" length="100" width="7.8740157480315" flipped="False">
      <text name="pinname" originx="2100" originy="270" style="Default" rotation="0" justify="right" flipped="False" hidden="False" data="19" />
      <text name="pindes" originx="2080" originy="360" style="Default" rotation="0" justify="lowerleft" flipped="False" hidden="False" data="19" />
    </sympin>
    <sympin number="20" originx="2200" originy="300" rotation="90" length="100" width="7.8740157480315" flipped="False">
      <text name="pinname" originx="2200" originy="270" style="Default" rotation="0" justify="right" flipped="False" hidden="False" data="20" />
      <text name="pindes" originx="2180" originy="360" style="Default" rotation="0" justify="lowerleft" flipped="False" hidden="False" data="20" />
    </sympin>
    <sympin number="21" originx="2300" originy="300" rotation="90" length="100" width="7.8740157480315" flipped="False">
      <text name="pinname" originx="2300" originy="270" style="Default" rotation="0" justify="right" flipped="False" hidden="False" data="21" />
      <text name="pindes" originx="2280" originy="360" style="Default" rotation="0" justify="lowerleft" flipped="False" hidden="False" data="21" />
    </sympin>
    <sympin number="22" originx="2400" originy="300" rotation="90" length="100" width="7.8740157480315" flipped="False">
      <text name="pinname" originx="2400" originy="270" style="Default" rotation="0" justify="right" flipped="False" hidden="False" data="22" />
      <text name="pindes" originx="2380" originy="360" style="Default" rotation="0" justify="lowerleft" flipped="False" hidden="False" data="22" />
    </sympin>
    <sympin number="23" originx="2500" originy="300" rotation="90" length="100" width="7.8740157480315" flipped="False">
      <text name="pinname" originx="2500" originy="270" style="Default" rotation="0" justify="right" flipped="False" hidden="False" data="23" />
      <text name="pindes" originx="2480" originy="360" style="Default" rotation="0" justify="lowerleft" flipped="False" hidden="False" data="23" />
    </sympin>
    <sympin number="24" originx="2600" originy="300" rotation="90" length="100" width="7.8740157480315" flipped="False">
      <text name="pinname" originx="2600" originy="270" style="Default" rotation="0" justify="right" flipped="False" hidden="False" data="24" />
      <text name="pindes" originx="2580" originy="360" style="Default" rotation="0" justify="lowerleft" flipped="False" hidden="False" data="24" />
    </sympin>
    <sympin number="25" originx="2700" originy="300" rotation="90" length="100" width="7.8740157480315" flipped="False">
      <text name="pinname" originx="2700" originy="270" style="Default" rotation="0" justify="right" flipped="False" hidden="False" data="25" />
      <text name="pindes" originx="2680" originy="360" style="Default" rotation="0" justify="lowerleft" flipped="False" hidden="False" data="25" />
    </sympin>
    <sympin number="26" originx="300" originy="-300" rotation="270" length="100" width="7.8740157480315" flipped="False">
      <text name="pinname" originx="300" originy="-270" style="Default" rotation="0" justify="left" flipped="False" hidden="False" data="26" />
      <text name="pindes" originx="280" originy="-360" style="Default" rotation="0" justify="lowerright" flipped="False" hidden="False" data="26" />
    </sympin>
    <sympin number="27" originx="400" originy="-300" rotation="270" length="100" width="7.8740157480315" flipped="False">
      <text name="pinname" originx="400" originy="-270" style="Default" rotation="0" justify="left" flipped="False" hidden="False" data="27" />
      <text name="pindes" originx="380" originy="-360" style="Default" rotation="0" justify="lowerright" flipped="False" hidden="False" data="27" />
    </sympin>
    <sympin number="28" originx="500" originy="-300" rotation="270" length="100" width="7.8740157480315" flipped="False">
      <text name="pinname" originx="500" originy="-270" style="Default" rotation="0" justify="left" flipped="False" hidden="False" data="28" />
      <text name="pindes" originx="480" originy="-360" style="Default" rotation="0" justify="lowerright" flipped="False" hidden="False" data="28" />
    </sympin>
    <sympin number="29" originx="600" originy="-300" rotation="270" length="100" width="7.8740157480315" flipped="False">
      <text name="pinname" originx="600" originy="-270" style="Default" rotation="0" justify="left" flipped="False" hidden="False" data="29" />
      <text name="pindes" originx="580" originy="-360" style="Default" rotation="0" justify="lowerright" flipped="False" hidden="False" data="29" />
    </sympin>
    <sympin number="30" originx="700" originy="-300" rotation="270" length="100" width="7.8740157480315" flipped="False">
      <text name="pinname" originx="700" originy="-270" style="Default" rotation="0" justify="left" flipped="False" hidden="False" data="30" />
      <text name="pindes" originx="680" originy="-360" style="Default" rotation="0" justify="lowerright" flipped="False" hidden="False" data="30" />
    </sympin>
    <sympin number="31" originx="800" originy="-300" rotation="270" length="100" width="7.8740157480315" flipped="False">
      <text name="pinname" originx="800" originy="-270" style="Default" rotation="0" justify="left" flipped="False" hidden="False" data="31" />
      <text name="pindes" originx="780" originy="-360" style="Default" rotation="0" justify="lowerright" flipped="False" hidden="False" data="31" />
    </sympin>
    <sympin number="32" originx="900" originy="-300" rotation="270" length="100" width="7.8740157480315" flipped="False">
      <text name="pinname" originx="900" originy="-270" style="Default" rotation="0" justify="left" flipped="False" hidden="False" data="32" />
      <text name="pindes" originx="880" originy="-360" style="Default" rotation="0" justify="lowerright" flipped="False" hidden="False" data="32" />
    </sympin>
    <sympin number="33" originx="1000" originy="-300" rotation="270" length="100" width="7.8740157480315" flipped="False">
      <text name="pinname" originx="1000" originy="-270" style="Default" rotation="0" justify="left" flipped="False" hidden="False" data="33" />
      <text name="pindes" originx="980" originy="-360" style="Default" rotation="0" justify="lowerright" flipped="False" hidden="False" data="33" />
    </sympin>
    <sympin number="34" originx="1100" originy="-300" rotation="270" length="100" width="7.8740157480315" flipped="False">
      <text name="pinname" originx="1100" originy="-270" style="Default" rotation="0" justify="left" flipped="False" hidden="False" data="34" />
      <text name="pindes" originx="1080" originy="-360" style="Default" rotation="0" justify="lowerright" flipped="False" hidden="False" data="34" />
    </sympin>
    <sympin number="35" originx="1200" originy="-300" rotation="270" length="100" width="7.8740157480315" flipped="False">
      <text name="pinname" originx="1200" originy="-270" style="Default" rotation="0" justify="left" flipped="False" hidden="False" data="35" />
      <text name="pindes" originx="1180" originy="-360" style="Default" rotation="0" justify="lowerright" flipped="False" hidden="False" data="35" />
    </sympin>
    <sympin number="36" originx="1300" originy="-300" rotation="270" length="100" width="7.8740157480315" flipped="False">
      <text name="pinname" originx="1300" originy="-270" style="Default" rotation="0" justify="left" flipped="False" hidden="False" data="36" />
      <text name="pindes" originx="1280" originy="-360" style="Default" rotation="0" justify="lowerright" flipped="False" hidden="False" data="36" />
    </sympin>
    <sympin number="37" originx="1400" originy="-300" rotation="270" length="100" width="7.8740157480315" flipped="False">
      <text name="pinname" originx="1400" originy="-270" style="Default" rotation="0" justify="left" flipped="False" hidden="False" data="37" />
      <text name="pindes" originx="1380" originy="-360" style="Default" rotation="0" justify="lowerright" flipped="False" hidden="False" data="37" />
    </sympin>
    <sympin number="38" originx="1500" originy="-300" rotation="270" length="100" width="7.8740157480315" flipped="False">
      <text name="pinname" originx="1500" originy="-270" style="Default" rotation="0" justify="left" flipped="False" hidden="False" data="38" />
      <text name="pindes" originx="1480" originy="-360" style="Default" rotation="0" justify="lowerright" flipped="False" hidden="False" data="38" />
    </sympin>
    <sympin number="39" originx="1600" originy="-300" rotation="270" length="100" width="7.8740157480315" flipped="False">
      <text name="pinname" originx="1600" originy="-270" style="Default" rotation="0" justify="left" flipped="False" hidden="False" data="39" />
      <text name="pindes" originx="1580" originy="-360" style="Default" rotation="0" justify="lowerright" flipped="False" hidden="False" data="39" />
    </sympin>
    <sympin number="40" originx="1700" originy="-300" rotation="270" length="100" width="7.8740157480315" flipped="False">
      <text name="pinname" originx="1700" originy="-270" style="Default" rotation="0" justify="left" flipped="False" hidden="False" data="40" />
      <text name="pindes" originx="1680" originy="-360" style="Default" rotation="0" justify="lowerright" flipped="False" hidden="False" data="40" />
    </sympin>
    <sympin number="41" originx="1800" originy="-300" rotation="270" length="100" width="7.8740157480315" flipped="False">
      <text name="pinname" originx="1800" originy="-270" style="Default" rotation="0" justify="left" flipped="False" hidden="False" data="41" />
      <text name="pindes" originx="1780" originy="-360" style="Default" rotation="0" justify="lowerright" flipped="False" hidden="False" data="41" />
    </sympin>
    <sympin number="42" originx="1900" originy="-300" rotation="270" length="100" width="7.8740157480315" flipped="False">
      <text name="pinname" originx="1900" originy="-270" style="Default" rotation="0" justify="left" flipped="False" hidden="False" data="42" />
      <text name="pindes" originx="1880" originy="-360" style="Default" rotation="0" justify="lowerright" flipped="False" hidden="False" data="42" />
    </sympin>
    <sympin number="43" originx="2000" originy="-300" rotation="270" length="100" width="7.8740157480315" flipped="False">
      <text name="pinname" originx="2000" originy="-270" style="Default" rotation="0" justify="left" flipped="False" hidden="False" data="43" />
      <text name="pindes" originx="1980" originy="-360" style="Default" rotation="0" justify="lowerright" flipped="False" hidden="False" data="43" />
    </sympin>
    <sympin number="44" originx="2100" originy="-300" rotation="270" length="100" width="7.8740157480315" flipped="False">
      <text name="pinname" originx="2100" originy="-270" style="Default" rotation="0" justify="left" flipped="False" hidden="False" data="44" />
      <text name="pindes" originx="2080" originy="-360" style="Default" rotation="0" justify="lowerright" flipped="False" hidden="False" data="44" />
    </sympin>
    <sympin number="45" originx="2200" originy="-300" rotation="270" length="100" width="7.8740157480315" flipped="False">
      <text name="pinname" originx="2200" originy="-270" style="Default" rotation="0" justify="left" flipped="False" hidden="False" data="45" />
      <text name="pindes" originx="2180" originy="-360" style="Default" rotation="0" justify="lowerright" flipped="False" hidden="False" data="45" />
    </sympin>
    <sympin number="46" originx="2300" originy="-300" rotation="270" length="100" width="7.8740157480315" flipped="False">
      <text name="pinname" originx="2300" originy="-270" style="Default" rotation="0" justify="left" flipped="False" hidden="False" data="46" />
      <text name="pindes" originx="2280" originy="-360" style="Default" rotation="0" justify="lowerright" flipped="False" hidden="False" data="46" />
    </sympin>
    <sympin number="47" originx="2400" originy="-300" rotation="270" length="100" width="7.8740157480315" flipped="False">
      <text name="pinname" originx="2400" originy="-270" style="Default" rotation="0" justify="left" flipped="False" hidden="False" data="47" />
      <text name="pindes" originx="2380" originy="-360" style="Default" rotation="0" justify="lowerright" flipped="False" hidden="False" data="47" />
    </sympin>
    <sympin number="48" originx="2500" originy="-300" rotation="270" length="100" width="7.8740157480315" flipped="False">
      <text name="pinname" originx="2500" originy="-270" style="Default" rotation="0" justify="left" flipped="False" hidden="False" data="48" />
      <text name="pindes" originx="2480" originy="-360" style="Default" rotation="0" justify="lowerright" flipped="False" hidden="False" data="48" />
    </sympin>
    <sympin number="49" originx="2600" originy="-300" rotation="270" length="100" width="7.8740157480315" flipped="False">
      <text name="pinname" originx="2600" originy="-270" style="Default" rotation="0" justify="left" flipped="False" hidden="False" data="49" />
      <text name="pindes" originx="2580" originy="-360" style="Default" rotation="0" justify="lowerright" flipped="False" hidden="False" data="49" />
    </sympin>
    <sympin number="50" originx="2700" originy="-300" rotation="270" length="100" width="7.8740157480315" flipped="False">
      <text name="pinname" originx="2700" originy="-270" style="Default" rotation="0" justify="left" flipped="False" hidden="False" data="50" />
      <text name="pindes" originx="2680" originy="-360" style="Default" rotation="0" justify="lowerright" flipped="False" hidden="False" data="50" />
    </sympin>
    <sympin number="51" originx="200" originy="0" rotation="180" length="100" width="7.8740157480315" flipped="False">
      <text name="pinname" originx="230" originy="0" style="Default" rotation="0" justify="left" flipped="False" hidden="False" data="MH1" />
      <text name="pindes" originx="140" originy="20" style="Default" rotation="0" justify="lowerright" flipped="False" hidden="False" data="MH1" />
    </sympin>
    <sympin number="52" originx="2800" originy="0" rotation="0" length="100" width="7.8740157480315" flipped="False">
      <text name="pinname" originx="2770" originy="0" style="Default" rotation="0" justify="right" flipped="False" hidden="False" data="MH2" />
      <text name="pindes" originx="2860" originy="20" style="Default" rotation="0" justify="lowerleft" flipped="False" hidden="False" data="MH2" />
    </sympin>
  </symbol>
  <component name="111-050-113L001" designatorprefix="J" height="494.09448818897" footprint="111050113L001">
    <comppin designator="1" sympin="1" pinswap="0" gateswap="0" gate="1" group="1" side="" type="Any" name="1" />
    <comppin designator="2" sympin="2" pinswap="0" gateswap="0" gate="1" group="1" side="" type="Any" name="2" />
    <comppin designator="3" sympin="3" pinswap="0" gateswap="0" gate="1" group="1" side="" type="Any" name="3" />
    <comppin designator="4" sympin="4" pinswap="0" gateswap="0" gate="1" group="1" side="" type="Any" name="4" />
    <comppin designator="5" sympin="5" pinswap="0" gateswap="0" gate="1" group="1" side="" type="Any" name="5" />
    <comppin designator="6" sympin="6" pinswap="0" gateswap="0" gate="1" group="1" side="" type="Any" name="6" />
    <comppin designator="7" sympin="7" pinswap="0" gateswap="0" gate="1" group="1" side="" type="Any" name="7" />
    <comppin designator="8" sympin="8" pinswap="0" gateswap="0" gate="1" group="1" side="" type="Any" name="8" />
    <comppin designator="9" sympin="9" pinswap="0" gateswap="0" gate="1" group="1" side="" type="Any" name="9" />
    <comppin designator="10" sympin="10" pinswap="0" gateswap="0" gate="1" group="1" side="" type="Any" name="10" />
    <comppin designator="11" sympin="11" pinswap="0" gateswap="0" gate="1" group="1" side="" type="Any" name="11" />
    <comppin designator="12" sympin="12" pinswap="0" gateswap="0" gate="1" group="1" side="" type="Any" name="12" />
    <comppin designator="13" sympin="13" pinswap="0" gateswap="0" gate="1" group="1" side="" type="Any" name="13" />
    <comppin designator="14" sympin="14" pinswap="0" gateswap="0" gate="1" group="1" side="" type="Any" name="14" />
    <comppin designator="15" sympin="15" pinswap="0" gateswap="0" gate="1" group="1" side="" type="Any" name="15" />
    <comppin designator="16" sympin="16" pinswap="0" gateswap="0" gate="1" group="1" side="" type="Any" name="16" />
    <comppin designator="17" sympin="17" pinswap="0" gateswap="0" gate="1" group="1" side="" type="Any" name="17" />
    <comppin designator="18" sympin="18" pinswap="0" gateswap="0" gate="1" group="1" side="" type="Any" name="18" />
    <comppin designator="19" sympin="19" pinswap="0" gateswap="0" gate="1" group="1" side="" type="Any" name="19" />
    <comppin designator="20" sympin="20" pinswap="0" gateswap="0" gate="1" group="1" side="" type="Any" name="20" />
    <comppin designator="21" sympin="21" pinswap="0" gateswap="0" gate="1" group="1" side="" type="Any" name="21" />
    <comppin designator="22" sympin="22" pinswap="0" gateswap="0" gate="1" group="1" side="" type="Any" name="22" />
    <comppin designator="23" sympin="23" pinswap="0" gateswap="0" gate="1" group="1" side="" type="Any" name="23" />
    <comppin designator="24" sympin="24" pinswap="0" gateswap="0" gate="1" group="1" side="" type="Any" name="24" />
    <comppin designator="25" sympin="25" pinswap="0" gateswap="0" gate="1" group="1" side="" type="Any" name="25" />
    <comppin designator="26" sympin="26" pinswap="0" gateswap="0" gate="1" group="1" side="" type="Any" name="26" />
    <comppin designator="27" sympin="27" pinswap="0" gateswap="0" gate="1" group="1" side="" type="Any" name="27" />
    <comppin designator="28" sympin="28" pinswap="0" gateswap="0" gate="1" group="1" side="" type="Any" name="28" />
    <comppin designator="29" sympin="29" pinswap="0" gateswap="0" gate="1" group="1" side="" type="Any" name="29" />
    <comppin designator="30" sympin="30" pinswap="0" gateswap="0" gate="1" group="1" side="" type="Any" name="30" />
    <comppin designator="31" sympin="31" pinswap="0" gateswap="0" gate="1" group="1" side="" type="Any" name="31" />
    <comppin designator="32" sympin="32" pinswap="0" gateswap="0" gate="1" group="1" side="" type="Any" name="32" />
    <comppin designator="33" sympin="33" pinswap="0" gateswap="0" gate="1" group="1" side="" type="Any" name="33" />
    <comppin designator="34" sympin="34" pinswap="0" gateswap="0" gate="1" group="1" side="" type="Any" name="34" />
    <comppin designator="35" sympin="35" pinswap="0" gateswap="0" gate="1" group="1" side="" type="Any" name="35" />
    <comppin designator="36" sympin="36" pinswap="0" gateswap="0" gate="1" group="1" side="" type="Any" name="36" />
    <comppin designator="37" sympin="37" pinswap="0" gateswap="0" gate="1" group="1" side="" type="Any" name="37" />
    <comppin designator="38" sympin="38" pinswap="0" gateswap="0" gate="1" group="1" side="" type="Any" name="38" />
    <comppin designator="39" sympin="39" pinswap="0" gateswap="0" gate="1" group="1" side="" type="Any" name="39" />
    <comppin designator="40" sympin="40" pinswap="0" gateswap="0" gate="1" group="1" side="" type="Any" name="40" />
    <comppin designator="41" sympin="41" pinswap="0" gateswap="0" gate="1" group="1" side="" type="Any" name="41" />
    <comppin designator="42" sympin="42" pinswap="0" gateswap="0" gate="1" group="1" side="" type="Any" name="42" />
    <comppin designator="43" sympin="43" pinswap="0" gateswap="0" gate="1" group="1" side="" type="Any" name="43" />
    <comppin designator="44" sympin="44" pinswap="0" gateswap="0" gate="1" group="1" side="" type="Any" name="44" />
    <comppin designator="45" sympin="45" pinswap="0" gateswap="0" gate="1" group="1" side="" type="Any" name="45" />
    <comppin designator="46" sympin="46" pinswap="0" gateswap="0" gate="1" group="1" side="" type="Any" name="46" />
    <comppin designator="47" sympin="47" pinswap="0" gateswap="0" gate="1" group="1" side="" type="Any" name="47" />
    <comppin designator="48" sympin="48" pinswap="0" gateswap="0" gate="1" group="1" side="" type="Any" name="48" />
    <comppin designator="49" sympin="49" pinswap="0" gateswap="0" gate="1" group="1" side="" type="Any" name="49" />
    <comppin designator="50" sympin="50" pinswap="0" gateswap="0" gate="1" group="1" side="" type="Any" name="50" />
    <comppin designator="MH1" sympin="51" pinswap="0" gateswap="0" gate="1" group="1" side="" type="Any" name="MH1" />
    <comppin designator="MH2" sympin="52" pinswap="0" gateswap="0" gate="1" group="1" side="" type="Any" name="MH2" />
    <attached_symbol gate="1" name="111-050-113L001" />
    <pinmap designator="1" footprintpin="1" />
    <pinmap designator="2" footprintpin="2" />
    <pinmap designator="3" footprintpin="3" />
    <pinmap designator="4" footprintpin="4" />
    <pinmap designator="5" footprintpin="5" />
    <pinmap designator="6" footprintpin="6" />
    <pinmap designator="7" footprintpin="7" />
    <pinmap designator="8" footprintpin="8" />
    <pinmap designator="9" footprintpin="9" />
    <pinmap designator="10" footprintpin="10" />
    <pinmap designator="11" footprintpin="11" />
    <pinmap designator="12" footprintpin="12" />
    <pinmap designator="13" footprintpin="13" />
    <pinmap designator="14" footprintpin="14" />
    <pinmap designator="15" footprintpin="15" />
    <pinmap designator="16" footprintpin="16" />
    <pinmap designator="17" footprintpin="17" />
    <pinmap designator="18" footprintpin="18" />
    <pinmap designator="19" footprintpin="19" />
    <pinmap designator="20" footprintpin="20" />
    <pinmap designator="21" footprintpin="21" />
    <pinmap designator="22" footprintpin="22" />
    <pinmap designator="23" footprintpin="23" />
    <pinmap designator="24" footprintpin="24" />
    <pinmap designator="25" footprintpin="25" />
    <pinmap designator="26" footprintpin="26" />
    <pinmap designator="27" footprintpin="27" />
    <pinmap designator="28" footprintpin="28" />
    <pinmap designator="29" footprintpin="29" />
    <pinmap designator="30" footprintpin="30" />
    <pinmap designator="31" footprintpin="31" />
    <pinmap designator="32" footprintpin="32" />
    <pinmap designator="33" footprintpin="33" />
    <pinmap designator="34" footprintpin="34" />
    <pinmap designator="35" footprintpin="35" />
    <pinmap designator="36" footprintpin="36" />
    <pinmap designator="37" footprintpin="37" />
    <pinmap designator="38" footprintpin="38" />
    <pinmap designator="39" footprintpin="39" />
    <pinmap designator="40" footprintpin="40" />
    <pinmap designator="41" footprintpin="41" />
    <pinmap designator="42" footprintpin="42" />
    <pinmap designator="43" footprintpin="43" />
    <pinmap designator="44" footprintpin="44" />
    <pinmap designator="45" footprintpin="45" />
    <pinmap designator="46" footprintpin="46" />
    <pinmap designator="47" footprintpin="47" />
    <pinmap designator="48" footprintpin="48" />
    <pinmap designator="49" footprintpin="49" />
    <pinmap designator="50" footprintpin="50" />
    <pinmap designator="MH1" footprintpin="51" />
    <pinmap designator="MH2" footprintpin="52" />
    <text name="Datasheet" originx="0" originy="0" style="Default" rotation="0" justify="" flipped="False" hidden="True" data="https://www.norcomp.net/rohspdfs/SCSI-050Ribbon/11Y/111/111-YYY-113L001.pdf" />
    <text name="Description" originx="0" originy="0" style="Default" rotation="0" justify="" flipped="False" hidden="True" data="NORCOMP - 111-050-113L001 - CONNECTOR, SCSI, PLUG, 50 POSITION, SOLDER" />
    <text name="Manufacturer_Name" originx="0" originy="0" style="Default" rotation="0" justify="" flipped="False" hidden="True" data="NorComp" />
    <text name="Manufacturer_Part_Number" originx="2850" originy="400" style="Default" rotation="0" justify="left" flipped="False" hidden="False" data="111-050-113L001" />
    <text name="Arrow Part Number" originx="0" originy="0" style="Default" rotation="0" justify="" flipped="False" hidden="True" data="" />
    <text name="Arrow Price/Stock" originx="0" originy="0" style="Default" rotation="0" justify="" flipped="False" hidden="True" data="" />
  </component>
</quadcept_library>
